{
  "M1_baseline": {
    "mean": {
      "hit@1": 0.264,
      "precision@1": 0.264,
      "hit@5": 0.5215,
      "precision@5": 0.196,
      "hit@10": 0.6500000000000001,
      "precision@10": 0.16755,
      "mrr@10": 0.37446448412698413,
      "ap@10": 0.10018472222222223,
      "ndcg@10": 0.1857644217587669,
      "hit@20": 0.7845000000000001,
      "precision@20": 0.138275,
      "mrr@20": 0.38391523857334614,
      "ap@20": 0.06614673719168687,
      "ndcg@20": 0.158708814417503,
      "map@10": 0.10018472222222223,
      "map@20": 0.06614673719168687,
      "avg_query_time_ms": 20.943784879520535
    },
    "std": {
      "hit@1": 0.010074720839804952,
      "precision@1": 0.010074720839804952,
      "hit@5": 0.022726636354727027,
      "precision@5": 0.008318653737234168,
      "hit@10": 0.02115419580130618,
      "precision@10": 0.009353341648844006,
      "mrr@10": 0.01620772707392593,
      "ap@10": 0.0058470568004484755,
      "ndcg@10": 0.009130889499865022,
      "hit@20": 0.021118712081942895,
      "precision@20": 0.006687394858986572,
      "mrr@20": 0.016317251936400372,
      "ap@20": 0.003814140764745424,
      "ndcg@20": 0.00746250182088933,
      "map@10": 0.0058470568004484755,
      "map@20": 0.003814140764745424,
      "avg_query_time_ms": 0.5635134060041488
    }
  },
  "M5_baseline": {
    "mean": {
      "hit@1": 0.3165,
      "precision@1": 0.3165,
      "hit@5": 0.5795,
      "precision@5": 0.24880000000000005,
      "hit@10": 0.7045,
      "precision@10": 0.20855,
      "mrr@10": 0.4296912698412698,
      "ap@10": 0.13405507936507938,
      "ndcg@10": 0.23025667663042398,
      "hit@20": 0.8119999999999999,
      "precision@20": 0.167975,
      "mrr@20": 0.43718312682114924,
      "ap@20": 0.08963355661763847,
      "ndcg@20": 0.1940451901557681,
      "map@10": 0.13405507936507938,
      "map@20": 0.08963355661763847,
      "avg_query_time_ms": 61.186033783480525
    },
    "std": {
      "hit@1": 0.014282856857085711,
      "precision@1": 0.014282856857085711,
      "hit@5": 0.02164486082191336,
      "precision@5": 0.012722421153223947,
      "hit@10": 0.022494443758404006,
      "precision@10": 0.011313045566954992,
      "mrr@10": 0.015149600599400792,
      "ap@10": 0.00788582748717409,
      "ndcg@10": 0.01138996491581437,
      "hit@20": 0.02336664289109585,
      "precision@20": 0.008126884396864523,
      "mrr@20": 0.015110884673817743,
      "ap@20": 0.005271899338456999,
      "ndcg@20": 0.009109009584158126,
      "map@10": 0.00788582748717409,
      "map@20": 0.005271899338456999,
      "avg_query_time_ms": 1.5004829149938228
    }
  },
  "TwoStage_N20": {
    "n": 20,
    "mean": {
      "hit@1": 0.31450000000000006,
      "precision@1": 0.31450000000000006,
      "hit@5": 0.5755,
      "precision@5": 0.23320000000000002,
      "hit@10": 0.692,
      "precision@10": 0.18765,
      "mrr@10": 0.4267793650793651,
      "ap@10": 0.12060079365079365,
      "ndcg@10": 0.2131453902332982,
      "hit@20": 0.7845000000000001,
      "precision@20": 0.138275,
      "mrr@20": 0.4333003660598088,
      "ap@20": 0.07445899666273699,
      "ndcg@20": 0.16947927525120368,
      "map@10": 0.12060079365079365,
      "map@20": 0.07445899666273699,
      "avg_query_time_ms": 21.70861030181404
    },
    "std": {
      "hit@1": 0.0198997487421324,
      "precision@1": 0.0198997487421324,
      "hit@5": 0.03900000000000001,
      "precision@5": 0.0199939990997299,
      "hit@10": 0.030878795313289034,
      "precision@10": 0.014203520690307744,
      "mrr@10": 0.025711359822455003,
      "ap@10": 0.010937508760569504,
      "ndcg@10": 0.015352115624638327,
      "hit@20": 0.021118712081942895,
      "precision@20": 0.006687394858986572,
      "mrr@20": 0.02452286252377809,
      "ap@20": 0.0058365711278641555,
      "ndcg@20": 0.009441573431779097,
      "map@10": 0.010937508760569504,
      "map@20": 0.0058365711278641555,
      "avg_query_time_ms": 0.5771731075529847
    }
  },
  "TwoStage_N50": {
    "n": 50,
    "mean": {
      "hit@1": 0.3265,
      "precision@1": 0.3265,
      "hit@5": 0.5974999999999999,
      "precision@5": 0.24640000000000004,
      "hit@10": 0.717,
      "precision@10": 0.20295000000000002,
      "mrr@10": 0.43990357142857145,
      "ap@10": 0.13161005952380952,
      "ndcg@10": 0.22766119490088926,
      "hit@20": 0.8135,
      "precision@20": 0.15867500000000004,
      "mrr@20": 0.44668245318278216,
      "ap@20": 0.08503273317809212,
      "ndcg@20": 0.1877690647540532,
      "map@10": 0.13161005952380952,
      "map@20": 0.08503273317809212,
      "avg_query_time_ms": 22.855848435254302
    },
    "std": {
      "hit@1": 0.022616365755797285,
      "precision@1": 0.022616365755797285,
      "hit@5": 0.0353553390593274,
      "precision@5": 0.01912433005362541,
      "hit@10": 0.017986105748604948,
      "precision@10": 0.012487393643190695,
      "mrr@10": 0.02379579219936136,
      "ap@10": 0.010758849160793539,
      "ndcg@10": 0.014868795064106736,
      "hit@20": 0.021482551058940848,
      "precision@20": 0.010223930261890479,
      "mrr@20": 0.023993516210544918,
      "ap@20": 0.007511739813547597,
      "ndcg@20": 0.012156883129447996,
      "map@10": 0.010758849160793539,
      "map@20": 0.007511739813547597,
      "avg_query_time_ms": 0.5981807088764944
    }
  },
  "TwoStage_N100": {
    "n": 100,
    "mean": {
      "hit@1": 0.32699999999999996,
      "precision@1": 0.32699999999999996,
      "hit@5": 0.5905,
      "precision@5": 0.25260000000000005,
      "hit@10": 0.7100000000000001,
      "precision@10": 0.20885000000000004,
      "mrr@10": 0.4400017857142857,
      "ap@10": 0.13625539682539684,
      "ndcg@10": 0.23269556911246791,
      "hit@20": 0.8175000000000001,
      "precision@20": 0.16605,
      "mrr@20": 0.4476372012318606,
      "ap@20": 0.0897134107162832,
      "ndcg@20": 0.19415668599153518,
      "map@10": 0.13625539682539684,
      "map@20": 0.0897134107162832,
      "avg_query_time_ms": 24.76791199098807
    },
    "std": {
      "hit@1": 0.017277152543170988,
      "precision@1": 0.017277152543170988,
      "hit@5": 0.029,
      "precision@5": 0.01614125150042587,
      "hit@10": 0.017102631376487074,
      "precision@10": 0.012241936121382123,
      "mrr@10": 0.016913399213524003,
      "ap@10": 0.009243289587068042,
      "ndcg@10": 0.013038529248610436,
      "hit@20": 0.015329709716755888,
      "precision@20": 0.010273327114425985,
      "mrr@20": 0.01686407366474499,
      "ap@20": 0.007292085288740435,
      "ndcg@20": 0.011355809656993506,
      "map@10": 0.009243289587068042,
      "map@20": 0.007292085288740435,
      "avg_query_time_ms": 0.6344212508129737
    }
  },
  "TwoStage_N200": {
    "n": 200,
    "mean": {
      "hit@1": 0.325,
      "precision@1": 0.325,
      "hit@5": 0.5904999999999999,
      "precision@5": 0.2532,
      "hit@10": 0.7135,
      "precision@10": 0.20955,
      "mrr@10": 0.4392648809523809,
      "ap@10": 0.13603597222222222,
      "ndcg@10": 0.232982963063232,
      "hit@20": 0.8299999999999998,
      "precision@20": 0.169225,
      "mrr@20": 0.44728530812582673,
      "ap@20": 0.0902437522215057,
      "ndcg@20": 0.1962586458843989,
      "map@10": 0.13603597222222222,
      "map@20": 0.0902437522215057,
      "avg_query_time_ms": 28.5920391024556
    },
    "std": {
      "hit@1": 0.01449137674618943,
      "precision@1": 0.01449137674618943,
      "hit@5": 0.021931712199461308,
      "precision@5": 0.014507239572020592,
      "hit@10": 0.013564659966250548,
      "precision@10": 0.010172757738194687,
      "mrr@10": 0.013747129573380283,
      "ap@10": 0.007732039033857415,
      "ndcg@10": 0.010653775008428174,
      "hit@20": 0.01405346932255519,
      "precision@20": 0.008764060132153364,
      "mrr@20": 0.013489954232309826,
      "ap@20": 0.005987525879851289,
      "ndcg@20": 0.009447178742740949,
      "map@10": 0.007732039033857415,
      "map@20": 0.005987525879851289,