{
    "accuracy": 0.7725,
    "precision": 0.7861788766788765,
    "recall": 0.7725,
    "F1": 0.7595061027350031
}