{
  "M1_MFCC_Pool_Cos": {
    "retrieval_time_ms": 6.957366764545441,
    "throughput_qps": 143.73254046286218,
    "memory_mb": 0.244140625
  },
  "M2_MFCC_Delta_Pool": {
    "retrieval_time_ms": 9.095399789512157,
    "throughput_qps": 109.9456893750941,
    "memory_mb": 0.732421875
  },
  "M3_LogMel_Pool": {
    "retrieval_time_ms": 7.177108805626631,
    "throughput_qps": 139.33187124264174,
    "memory_mb": 1.5625
  },
  "M4_Spectral_Stat": {
    "retrieval_time_ms": 17.190503552556038,
    "throughput_qps": 58.17165256053893,
    "memory_mb": 0.1708984375
  },
  "M5_MFCC_DTW": {
    "retrieval_time_ms": 67.34922928735614,
    "throughput_qps": 14.847979859329078,
    "memory_mb": 17.138671875
  },
  "M6_BoAW_ChiSq": {
    "retrieval_time_ms": 5.950811076909304,
    "throughput_qps": 168.04431985418935,
    "memory_mb": 0.78125
  },
  "M7_MultiRes_Fusion": {
    "retrieval_time_ms": 13.579880148172379,
    "throughput_qps": 73.6383524072989,
    "memory_mb": 0.48828125
  }
}