{
    "accuracy": 0.9275,
    "precision": 0.9372676767676767,
    "recall": 0.9275,
    "F1": 0.922921937195931
}