{
    "accuracy": 0.78,
    "precision": 0.7907947052947053,
    "recall": 0.78,
    "F1": 0.7731808781174105
}