{
  "clean": {
    "config": {
      "name": "clean",
      "perturbation_type": "clean",
      "value": 0,
      "description": "No perturbation"
    },
    "mean": {
      "hit@1": 0.264,
      "precision@1": 0.264,
      "hit@5": 0.5215,
      "precision@5": 0.196,
      "hit@10": 0.6500000000000001,
      "precision@10": 0.16755,
      "mrr@10": 0.37446448412698413,
      "ap@10": 0.10018472222222223,
      "ndcg@10": 0.18576442421520453,
      "hit@20": 0.7845000000000001,
      "precision@20": 0.138275,
      "mrr@20": 0.38391523857334614,
      "ap@20": 0.06614673719168687,
      "ndcg@20": 0.15870881471170503,
      "map@10": 0.10018472222222223,
      "map@20": 0.06614673719168687
    },
    "std": {
      "hit@1": 0.010074720839804952,
      "precision@1": 0.010074720839804952,
      "hit@5": 0.022726636354727027,
      "precision@5": 0.008318653737234168,
      "hit@10": 0.02115419580130618,
      "precision@10": 0.009353341648844006,
      "mrr@10": 0.01620772707392593,
      "ap@10": 0.0058470568004484755,
      "ndcg@10": 0.009130889657631994,
      "hit@20": 0.021118712081942895,
      "precision@20": 0.006687394858986572,
      "mrr@20": 0.016317251936400372,
      "ap@20": 0.003814140764745424,
      "ndcg@20": 0.007462502027555376,
      "map@10": 0.0058470568004484755,
      "map@20": 0.003814140764745424
    }
  },
  "noise_20dB": {
    "config": {
      "name": "noise_20dB",
      "perturbation_type": "noise",
      "value": 20,
      "description": "Additive Gaussian noise at 20dB SNR"
    },
    "mean": {
      "hit@1": 0.22400000000000003,
      "precision@1": 0.22400000000000003,
      "hit@5": 0.4715,
      "precision@5": 0.18040000000000003,
      "hit@10": 0.5955,
      "precision@10": 0.15425,
      "mrr@10": 0.3277319444444445,
      "ap@10": 0.0907760119047619,
      "ndcg@10": 0.16791546381242906,
      "hit@20": 0.7265,
      "precision@20": 0.13017499999999999,
      "mrr@20": 0.3367205996102281,
      "ap@20": 0.061485391626777075,
      "ndcg@20": 0.1460791085057473,
      "map@10": 0.0907760119047619,
      "map@20": 0.061485391626777075
    },
    "std": {
      "hit@1": 0.028661821295933036,
      "precision@1": 0.028661821295933036,
      "hit@5": 0.0281336097932704,
      "precision@5": 0.010379788051786028,
      "hit@10": 0.034978564864785414,
      "precision@10": 0.011637224755069397,
      "mrr@10": 0.026397235159713678,
      "ap@10": 0.007804090727245651,
      "ndcg@10": 0.012775289813167197,
      "hit@20": 0.026907248094147407,
      "precision@20": 0.007892480598645772,
      "mrr@20": 0.025945535081166347,
      "ap@20": 0.00499355124169173,
      "ndcg@20": 0.009513530777233985,
      "map@10": 0.007804090727245651,
      "map@20": 0.00499355124169173
    }
  },
  "noise_10dB": {
    "config": {
      "name": "noise_10dB",
      "perturbation_type": "noise",
      "value": 10,
      "description": "Additive Gaussian noise at 10dB SNR"
    },
    "mean": {
      "hit@1": 0.1705,
      "precision@1": 0.1705,
      "hit@5": 0.40800000000000003,
      "precision@5": 0.1496,
      "hit@10": 0.5265000000000001,
      "precision@10": 0.13265,
      "mrr@10": 0.2701015873015873,
      "ap@10": 0.07361444444444444,
      "ndcg@10": 0.14069599276433814,
      "hit@20": 0.6475000000000001,
      "precision@20": 0.11227499999999999,
      "mrr@20": 0.27865521476287725,
      "ap@20": 0.050475013103618946,
      "ndcg@20": 0.12356304345888054,
      "map@10": 0.07361444444444444,
      "map@20": 0.050475013103618946
    },
    "std": {
      "hit@1": 0.025514701644346143,
      "precision@1": 0.025514701644346143,
      "hit@5": 0.03665378561622251,
      "precision@5": 0.018871671892018473,
      "hit@10": 0.03945250308915772,
      "precision@10": 0.012438448456298719,
      "mrr@10": 0.027796011140233987,
      "ap@10": 0.009322409835199505,
      "ndcg@10": 0.015203386696548327,
      "hit@20": 0.030700162866017507,
      "precision@20": 0.008889741278574984,
      "mrr@20": 0.027373072075448895,
      "ap@20": 0.005774503473530915,
      "ndcg@20": 0.011858781929677273,
      "map@10": 0.009322409835199505,
      "map@20": 0.005774503473530915
    }
  },
  "noise_0dB": {
    "config": {
      "name": "noise_0dB",
      "perturbation_type": "noise",
      "value": 0,
      "description": "Additive Gaussian noise at 0dB SNR"
    },
    "mean": {
      "hit@1": 0.0815,
      "precision@1": 0.0815,
      "hit@5": 0.23349999999999999,
      "precision@5": 0.07460000000000001,
      "hit@10": 0.337,
      "precision@10": 0.0745,
      "mrr@10": 0.14811408730158732,
      "ap@10": 0.036960297619047615,
      "ndcg@10": 0.0758184454318996,
      "hit@20": 0.4725,
      "precision@20": 0.06865,
      "mrr@20": 0.1574392102372172,
      "ap@20": 0.026928707315323996,
      "ndcg@20": 0.07120951186257299,
      "map@10": 0.036960297619047615,
      "map@20": 0.026928707315323996
    },
    "std": {
      "hit@1": 0.024677925358506134,
      "precision@1": 0.024677925358506134,
      "hit@5": 0.019532024984624616,
      "precision@5": 0.008839683252243827,
      "hit@10": 0.02735872804060891,
      "precision@10": 0.008821847878987717,
      "mrr@10": 0.022661198577080204,
      "ap@10": 0.006603164052177445,
      "ndcg@10": 0.010232913240063589,
      "hit@20": 0.0261725046566048,
      "precision@20": 0.00776385857676452,
      "mrr@20": 0.022548869877646805,
      "ap@20": 0.004785457764403467,
      "ndcg@20": 0.008969759066830361,
      "map@10": 0.006603164052177445,
      "map@20": 0.004785457764403467
    }
  }
}