{
  "clean": {
    "config": {
      "name": "clean",
      "perturbation_type": "clean",
      "value": 0,
      "description": "No perturbation"
    },
    "mean": {
      "hit@1": 0.264,
      "precision@1": 0.264,
      "hit@5": 0.5215,
      "precision@5": 0.196,
      "hit@10": 0.6500000000000001,
      "precision@10": 0.16755,
      "mrr@10": 0.37446448412698413,
      "ap@10": 0.10018472222222223,
      "ndcg@10": 0.18576442421520453,
      "hit@20": 0.7845000000000001,
      "precision@20": 0.138275,
      "mrr@20": 0.38391523857334614,
      "ap@20": 0.06614673719168687,
      "ndcg@20": 0.15870881471170503,
      "map@10": 0.10018472222222223,
      "map@20": 0.06614673719168687
    },
    "std": {
      "hit@1": 0.010074720839804952,
      "precision@1": 0.010074720839804952,
      "hit@5": 0.022726636354727027,
      "precision@5": 0.008318653737234168,
      "hit@10": 0.02115419580130618,
      "precision@10": 0.009353341648844006,
      "mrr@10": 0.01620772707392593,
      "ap@10": 0.0058470568004484755,
      "ndcg@10": 0.009130889657631994,
      "hit@20": 0.021118712081942895,
      "precision@20": 0.006687394858986572,
      "mrr@20": 0.016317251936400372,
      "ap@20": 0.003814140764745424,
      "ndcg@20": 0.007462502027555376,
      "map@10": 0.0058470568004484755,
      "map@20": 0.003814140764745424
    }
  },
  "speed_0.9x": {
    "config": {
      "name": "speed_0.9x",
      "perturbation_type": "speed",
      "value": 0.9,
      "description": "Playback speed 0.9x (slower)"
    },
    "mean": {
      "hit@1": 0.219,
      "precision@1": 0.219,
      "hit@5": 0.5105000000000001,
      "precision@5": 0.18630000000000002,
      "hit@10": 0.655,
      "precision@10": 0.15975,
      "mrr@10": 0.34406507936507935,
      "ap@10": 0.0891605753968254,
      "ndcg@10": 0.17255436424559117,
      "hit@20": 0.782,
      "precision@20": 0.13425,
      "mrr@20": 0.3527988334399519,
      "ap@20": 0.05971841161762213,
      "ndcg@20": 0.15000961559545745,
      "map@10": 0.0891605753968254,
      "map@20": 0.05971841161762213
    },
    "std": {
      "hit@1": 0.008888194417315597,
      "precision@1": 0.008888194417315597,
      "hit@5": 0.013729530217745986,
      "precision@5": 0.0016911534525287674,
      "hit@10": 0.01802775637731994,
      "precision@10": 0.002797320146139868,
      "mrr@10": 0.0068716243974798474,
      "ap@10": 0.0017635466937786393,
      "ndcg@10": 0.0017002115859987906,
      "hit@20": 0.01653783540854126,
      "precision@20": 0.003313796915925897,
      "mrr@20": 0.006904549002083505,
      "ap@20": 0.001333936734273962,
      "ndcg@20": 0.001800899905881347,
      "map@10": 0.0017635466937786393,
      "map@20": 0.001333936734273962
    }
  },
  "speed_1.1x": {
    "config": {
      "name": "speed_1.1x",
      "perturbation_type": "speed",
      "value": 1.1,
      "description": "Playback speed 1.1x (faster)"
    },
    "mean": {
      "hit@1": 0.145,
      "precision@1": 0.145,
      "hit@5": 0.361,
      "precision@5": 0.1212,
      "hit@10": 0.46950000000000003,
      "precision@10": 0.10710000000000001,
      "mrr@10": 0.23613888888888884,
      "ap@10": 0.058601626984126985,
      "ndcg@10": 0.11504557012980696,
      "hit@20": 0.6005,
      "precision@20": 0.09112500000000001,
      "mrr@20": 0.2451872282816942,
      "ap@20": 0.039105709386180555,
      "ndcg@20": 0.10098613293227092,
      "map@10": 0.058601626984126985,
      "map@20": 0.039105709386180555
    },
    "std": {
      "hit@1": 0.00961769203083567,
      "precision@1": 0.00961769203083567,
      "hit@5": 0.024010414407085946,
      "precision@5": 0.008370185183136638,
      "hit@10": 0.02352658071203718,
      "precision@10": 0.005068530358989674,
      "mrr@10": 0.013015114050050706,
      "ap@10": 0.0031883784313667877,
      "ndcg@10": 0.005350849466552035,
      "hit@20": 0.02843413441622585,
      "precision@20": 0.0036801834193420295,
      "mrr@20": 0.01310192200682552,
      "ap@20": 0.001906744283435023,
      "ndcg@20": 0.004013088894685675,
      "map@10": 0.0031883784313667877,
      "map@20": 0.001906744283435023
    }
  }
}