{
  "clean": {
    "config": {
      "name": "clean",
      "perturbation_type": "clean",
      "value": 0,
      "description": "No perturbation"
    },
    "mean": {
      "hit@1": 0.264,
      "precision@1": 0.264,
      "hit@5": 0.5215,
      "precision@5": 0.196,
      "hit@10": 0.6500000000000001,
      "precision@10": 0.16755,
      "mrr@10": 0.37446448412698413,
      "ap@10": 0.10018472222222223,
      "ndcg@10": 0.18576442421520453,
      "hit@20": 0.7845000000000001,
      "precision@20": 0.138275,
      "mrr@20": 0.38391523857334614,
      "ap@20": 0.06614673719168687,
      "ndcg@20": 0.15870881471170503,
      "map@10": 0.10018472222222223,
      "map@20": 0.06614673719168687
    },
    "std": {
      "hit@1": 0.010074720839804952,
      "precision@1": 0.010074720839804952,
      "hit@5": 0.022726636354727027,
      "precision@5": 0.008318653737234168,
      "hit@10": 0.02115419580130618,
      "precision@10": 0.009353341648844006,
      "mrr@10": 0.01620772707392593,
      "ap@10": 0.0058470568004484755,
      "ndcg@10": 0.009130889657631994,
      "hit@20": 0.021118712081942895,
      "precision@20": 0.006687394858986572,
      "mrr@20": 0.016317251936400372,
      "ap@20": 0.003814140764745424,
      "ndcg@20": 0.007462502027555376,
      "map@10": 0.0058470568004484755,
      "map@20": 0.003814140764745424
    }
  },
  "volume_+6dB": {
    "config": {
      "name": "volume_+6dB",
      "perturbation_type": "volume",
      "value": 6,
      "description": "Volume increased by 6dB"
    },
    "mean": {
      "hit@1": 0.23399999999999999,
      "precision@1": 0.23399999999999999,
      "hit@5": 0.48599999999999993,
      "precision@5": 0.17900000000000002,
      "hit@10": 0.618,
      "precision@10": 0.1531,
      "mrr@10": 0.3423795634920635,
      "ap@10": 0.0906396626984127,
      "ndcg@10": 0.16900331450514844,
      "hit@20": 0.7525000000000001,
      "precision@20": 0.12877500000000003,
      "mrr@20": 0.3516780483405483,
      "ap@20": 0.06040753513471392,
      "ndcg@20": 0.1461462331838776,
      "map@10": 0.0906396626984127,
      "map@20": 0.06040753513471392
    },
    "std": {
      "hit@1": 0.007516648189186447,
      "precision@1": 0.007516648189186447,
      "hit@5": 0.020161845153655943,
      "precision@5": 0.012973048986263796,
      "hit@10": 0.01839836949297409,
      "precision@10": 0.005894064811316553,
      "mrr@10": 0.009323789767808526,
      "ap@10": 0.0071947646137467324,
      "ndcg@10": 0.0076527001471018525,
      "hit@20": 0.015811388300841906,
      "precision@20": 0.004412623935936523,
      "mrr@20": 0.009170586355543575,
      "ap@20": 0.004407157677699211,
      "ndcg@20": 0.005809291139951291,
      "map@10": 0.0071947646137467324,
      "map@20": 0.004407157677699211
    }
  },
  "volume_-6dB": {
    "config": {
      "name": "volume_-6dB",
      "perturbation_type": "volume",
      "value": -6,
      "description": "Volume decreased by 6dB"
    },
    "mean": {
      "hit@1": 0.2285,
      "precision@1": 0.2285,
      "hit@5": 0.477,
      "precision@5": 0.17409999999999998,
      "hit@10": 0.618,
      "precision@10": 0.1461,
      "mrr@10": 0.33704186507936507,
      "ap@10": 0.0845880357142857,
      "ndcg@10": 0.1622191904533793,
      "hit@20": 0.7354999999999999,
      "precision@20": 0.119825,
      "mrr@20": 0.3453276689920846,
      "ap@20": 0.05511395100492043,
      "ndcg@20": 0.13802152057269715,
      "map@10": 0.0845880357142857,
      "map@20": 0.05511395100492043
    },
    "std": {
      "hit@1": 0.012103718436910205,
      "precision@1": 0.012103718436910205,
      "hit@5": 0.033852621759621504,
      "precision@5": 0.009723168207945393,
      "hit@10": 0.03261134771824067,
      "precision@10": 0.008812774818409922,
      "mrr@10": 0.01869198688204423,
      "ap@10": 0.004371721195418907,
      "ndcg@10": 0.008596132008649964,
      "hit@20": 0.019455076458343698,
      "precision@20": 0.006634003316248796,
      "mrr@20": 0.01775602811870103,
      "ap@20": 0.003322011815758815,
      "ndcg@20": 0.006941750327063681,
      "map@10": 0.004371721195418907,
      "map@20": 0.003322011815758815
    }
  }
}