{
  "0.5s": {
    "duration_s": 0.5,
    "mean": {
      "hit@1": 0.213,
      "precision@1": 0.213,
      "hit@5": 0.4334999999999999,
      "precision@5": 0.15899999999999997,
      "hit@10": 0.5575,
      "precision@10": 0.1391,
      "mrr@10": 0.3087418650793651,
      "ap@10": 0.0813147619047619,
      "ndcg@10": 0.1527101816370703,
      "hit@20": 0.6965,
      "precision@20": 0.1153,
      "mrr@20": 0.31824084117636753,
      "ap@20": 0.053643708089081546,
      "ndcg@20": 0.1311130647612241,
      "map@10": 0.0813147619047619,
      "map@20": 0.053643708089081546
    },
    "std": {
      "hit@1": 0.024768932153001674,
      "precision@1": 0.024768932153001674,
      "hit@5": 0.029521178838251016,
      "precision@5": 0.016985287751463036,
      "hit@10": 0.02150581316760657,
      "precision@10": 0.012001666550942001,
      "mrr@10": 0.025659917334843775,
      "ap@10": 0.010615137942539751,
      "ndcg@10": 0.014276260343205527,
      "hit@20": 0.0269072480941474,
      "precision@20": 0.009436167124420806,
      "mrr@20": 0.025466319196244133,
      "ap@20": 0.007171997796654987,
      "ndcg@20": 0.011671586281095792,
      "map@10": 0.010615137942539751,
      "map@20": 0.007171997796654987
    }
  },
  "1.0s": {
    "duration_s": 1.0,
    "mean": {
      "hit@1": 0.227,
      "precision@1": 0.227,
      "hit@5": 0.45199999999999996,
      "precision@5": 0.16870000000000002,
      "hit@10": 0.582,
      "precision@10": 0.14085,
      "mrr@10": 0.3248277777777777,
      "ap@10": 0.08314803571428571,
      "ndcg@10": 0.15695211551233904,
      "hit@20": 0.7184999999999999,
      "precision@20": 0.11779999999999999,
      "mrr@20": 0.33443873453043343,
      "ap@20": 0.054577106519426564,
      "ndcg@20": 0.1350272989863144,
      "map@10": 0.08314803571428571,
      "map@20": 0.054577106519426564
    },
    "std": {
      "hit@1": 0.025855366947695798,
      "precision@1": 0.025855366947695798,
      "hit@5": 0.024310491562286436,
      "precision@5": 0.01828277878223111,
      "hit@10": 0.019196353820452493,
      "precision@10": 0.012508597043633631,
      "mrr@10": 0.02438331962759275,
      "ap@10": 0.010830222474994097,
      "ndcg@10": 0.01479472532902393,
      "hit@20": 0.01496662954709577,
      "precision@20": 0.006227258626394123,
      "mrr@20": 0.023708353933764834,
      "ap@20": 0.006288705897647566,
      "ndcg@20": 0.00949403062905904,
      "map@10": 0.010830222474994097,
      "map@20": 0.006288705897647566
    }
  },
  "2.0s": {
    "duration_s": 2.0,
    "mean": {
      "hit@1": 0.2445,
      "precision@1": 0.2445,
      "hit@5": 0.4955,
      "precision@5": 0.1801,
      "hit@10": 0.6225,
      "precision@10": 0.15089999999999998,
      "mrr@10": 0.3520138888888889,
      "ap@10": 0.08846319444444446,
      "ndcg@10": 0.16868273298586642,
      "hit@20": 0.7515,
      "precision@20": 0.12425,
      "mrr@20": 0.3610932696581884,
      "ap@20": 0.05766228359746549,
      "ndcg@20": 0.14358581571094214,
      "map@10": 0.08846319444444446,
      "map@20": 0.05766228359746549
    },
    "std": {
      "hit@1": 0.01691153452528777,
      "precision@1": 0.01691153452528777,
      "hit@5": 0.02266053838724934,
      "precision@5": 0.012511594622589085,
      "hit@10": 0.018774983355518575,
      "precision@10": 0.011718148317887088,
      "mrr@10": 0.018606047376496758,
      "ap@10": 0.008017411540038542,
      "ndcg@10": 0.011933136977055244,
      "hit@20": 0.016628289148315874,
      "precision@20": 0.008366973765944296,
      "mrr@20": 0.01777615418628962,
      "ap@20": 0.004967047382152396,
      "ndcg@20": 0.009013939049162941,
      "map@10": 0.008017411540038542,
      "map@20": 0.004967047382152396
    }
  },
  "3.0s": {
    "duration_s": 3.0,
    "mean": {
      "hit@1": 0.253,
      "precision@1": 0.253,
      "hit@5": 0.518,
      "precision@5": 0.18870000000000003,
      "hit@10": 0.6385000000000001,
      "precision@10": 0.15725,
      "mrr@10": 0.3644375,
      "ap@10": 0.09262678571428572,
      "ndcg@10": 0.175803931082814,
      "hit@20": 0.766,
      "precision@20": 0.13035000000000002,
      "mrr@20": 0.3732038465812653,
      "ap@20": 0.060873309795209954,
      "ndcg@20": 0.15024960568249995,
      "map@10": 0.09262678571428572,
      "map@20": 0.060873309795209954
    },
    "std": {
      "hit@1": 0.02776688675382964,
      "precision@1": 0.02776688675382964,
      "hit@5": 0.03631115531073061,
      "precision@5": 0.014176036117335483,
      "hit@10": 0.032426840734181915,
      "precision@10": 0.00822800097228969,
      "mrr@10": 0.028859463171990205,
      "ap@10": 0.005830354290737208,
      "ndcg@10": 0.010371693289194742,
      "hit@20": 0.021540659228538,
      "precision@20": 0.0065371056286402515,
      "mrr@20": 0.027808188367286768,
      "ap@20": 0.003907160698793008,
      "ndcg@20": 0.008154382923543202,
      "map@10": 0.005830354290737208,
      "map@20": 0.003907160698793008
    }
  },
  "5.0s": {
    "duration_s": 5.0,
    "mean": {
      "hit@1": 0.264,
      "precision@1": 0.264,
      "hit@5": 0.5215,
      "precision@5": 0.196,
      "hit@10": 0.6500000000000001,
      "precision@10": 0.16755,
      "mrr@10": 0.37446448412698413,
      "ap@10": 0.10018472222222223,
      "ndcg@10": 0.1857644217587669,
      "hit@20": 0.7845000000000001,
      "precision@20": 0.13825,
      "mrr@20": 0.38391523857334614,
      "ap@20": 0.0661407902219899,
      "ndcg@20": 0.15869202706761124,
      "map@10": 0.10018472222222223,
      "map@20": 0.0661407902219899
    },
    "std": {
      "hit@1": 0.010074720839804952,
      "precision@1": 0.010074720839804952,
      "hit@5": 0.022726636354727027,
      "precision@5": 0.008318653737234168,
      "hit@10": 0.02115419580130618,
      "precision@10": 0.009353341648844006,
      "mrr@10": 0.01620772707392593,
      "ap@10": 0.0058470568004484755,
      "ndcg@10": 0.009130889499865022,
      "hit@20": 0.021118712081942895,
      "precision@20": 0.006669895051648115,
      "mrr@20": 0.016317251936400372,
      "ap@20": 0.003813089641207148,
      "ndcg@20": 0.0074521518233102825,
      "map@10": 0.0058470568004484755,
      "map@20": 0.003813089641207148
    }
  }
}