{
  "query_durations": [
    0.5,
    1.0,
    2.0,
    3.0,
    5.0
  ],
  "baseline_hit10": 0.6500000000000001,
  "duration_vs_accuracy": {
    "0.5s": 0.5575,
    "1.0s": 0.582,
    "2.0s": 0.6225,
    "3.0s": 0.6385000000000001,
    "5.0s": 0.6500000000000001
  }
}