{
    "accuracy": 0.6975,
    "precision": 0.7385627705627705,
    "recall": 0.6975,
    "F1": 0.6836340480273435
}