{
    "accuracy": 0.6475,
    "precision": 0.6737448107448106,
    "recall": 0.6475,
    "F1": 0.6323810035853379
}