{
    "accuracy": 0.81,
    "precision": 0.8366922521922523,
    "recall": 0.81,
    "F1": 0.8032408032657731
}