{
    "accuracy": 0.5475,
    "precision": 0.5439704233674822,
    "recall": 0.5475,
    "F1": 0.525307369032756
}