{
  "retrievers": [
    "M1_MFCC",
    "M2_MFCC_Delta",
    "M3_LogMel"
  ],
  "rrf_k": 60,
  "mean": {
    "hit@1": 0.2785,
    "precision@1": 0.2785,
    "hit@5": 0.5285,
    "precision@5": 0.20940000000000003,
    "hit@10": 0.6625,
    "precision@10": 0.17754999999999999,
    "mrr@10": 0.38839067460317456,
    "ap@10": 0.10943200396825396,
    "ndcg@10": 0.19699771545064015,
    "hit@20": 0.7945,
    "precision@20": 0.144825,
    "mrr@20": 0.39768660993933824,
    "ap@20": 0.07208791664594005,
    "ndcg@20": 0.1671452757700406,
    "map@10": 0.10943200396825396,
    "map@20": 0.07208791664594005
  },
  "std": {
    "hit@1": 0.018207141456033117,
    "precision@1": 0.018207141456033117,
    "hit@5": 0.027640549922170514,
    "precision@5": 0.011880235687897783,
    "hit@10": 0.02966479394838266,
    "precision@10": 0.009710046343864695,
    "mrr@10": 0.02210964756783388,
    "ap@10": 0.006345645316044763,
    "ndcg@10": 0.010579278816722194,
    "hit@20": 0.02843413441622587,
    "precision@20": 0.007153058786281565,
    "mrr@20": 0.021756705339385205,
    "ap@20": 0.004320578802322795,
    "ndcg@20": 0.008567722431131857,
    "map@10": 0.006345645316044763,
    "map@20": 0.004320578802322795
  }
}