{
    "accuracy": 0.535,
    "precision": 0.5426540126540127,
    "recall": 0.535,
    "F1": 0.5052764339085466
}