{
    "accuracy": 0.8325,
    "precision": 0.8516111111111111,
    "recall": 0.8325,
    "F1": 0.8245718961121438
}